{
    "Accuracy": [
        0.7844025507892811,
        0.6945151061086525,
        0.7146043140397951,
        0.7910060285047218,
        0.6991323134822456
    ],
    "Precision": [
        0.39035184775392784,
        0.3194974695906952,
        0.3324047836319101,
        0.37441905499612704,
        0.29309347220030507
    ],
    "Recall": [
        0.5629188384214445,
        0.7655568556536538,
        0.736198276779066,
        0.4113392192319966,
        0.5927029039463887
    ],
    "F1-Score": [
        0.4610157679240352,
        0.4508409809878786,
        0.4580107206670637,
        0.39201175933904403,
        0.39222863578769535
    ],
    "ROC-AUC": [
        0.795301705313534,
        0.7944006801704605,
        0.7941708794345081,
        0.756926359901797,
        0.707982251861611
    ]
}